nombre,apellido,ciudad,telefono
Holli,Hassur,Sumurwaru,+62 284 737 4260
Dewie,Ingold,Pondokkaha Kelod,+62 568 474 1558
Putnem,Manketell,Sinop,+55 744 128 9897
Roland,Bosquet,Juhaynah,+20 396 747 2559
Dede,Bonavia,Xiabuji,+86 176 807 1133
Brittne,Nasi,Banturkrajan,+62 284 879 0363
Gabie,Ivanenko,Kanbula,+86 353 437 8515
Pat,Vedeshkin,Dajianchang,+86 794 624 4483
Constantino,Suttell,Tanout,+227 333 129 1752
Berthe,Remer,Chile Chico,+56 782 892 1330
Brigit,Bettleson,Shreveport,+1 318 877 8764
Anabal,Rosevear,Mansa,+260 262 406 2442
Laure,Snowman,Belén de Umbría,+57 312 974 9285
Violetta,Lindenstrauss,Saint Louis,+1 314 226 1919
Shari,Volage,Salimbalan,+63 804 453 5440
Helen-elizabeth,Rodway,Uyen Hung,+84 557 559 1849
Wilden,Laval,Tver,+7 865 334 8102
Kirbie,Webb,Quibdó,+57 627 241 8263
Dory,Clac,Balbalan,+63 471 892 1517
Maighdiln,Eayres,Kembangarum,+62 850 723 2706
Cherilynn,Skinley,Taoyuan,+86 456 314 7298
Mureil,McMains,Castelo,+351 956 372 5901
Elke,Baggelley,Berëzovka,+7 678 587 9100
Pearline,Maton,Quxi,+86 590 812 9329
Tish,Imms,Thika,+254 577 702 3282
Sebastian,Sorensen,Passos,+55 400 836 2936
Bambie,Fletcher,Changhan,+66 600 102 5547
Rollie,Piche,Karagay,+7 662 855 8836
Kareem,Hollier,Luyang,+86 827 455 9260
Erena,Revance,Purbalingga,+62 811 310 1897
Henri,Measures,Pābna,+880 668 296 6021
Clemmie,Ridgewell,Kozhva,+7 900 252 2309
Henriette,Boshell,Dukuhtengah,+62 715 190 7570
Cathyleen,Ohm,Abū Sunbul,+20 200 521 6233
Izak,Narbett,Hồ Xá,+84 694 446 1212
Reeva,McKibbin,Slobodka,+7 907 129 4652
Jarret,Pladen,Astghadzor,+374 665 363 3875
Ciel,Tumilson,Boca de Parita,+507 793 221 8411
Holly,Emblow,Eldoret,+254 480 514 7785
Jacquelyn,Markwell,Ōami,+81 969 785 2742
Adair,Twiggs,Vårby,+46 163 164 4065
Edithe,Douty,Yulong,+86 342 868 1978
Gill,Jacobowitz,Trabulheira,+351 551 675 0232
Cordelie,Pearman,Jacksonville,+1 904 117 0256
Moses,Antonnikov,Keboireng,+62 830 183 2207
Ailee,Everiss,Huai Mek,+66 812 901 9213
Joice,Dorken,Gaoua,+226 611 308 7588
Free,Poor,Bulbul,+963 341 283 1460
Cull,Ciepluch,Iranduba,+55 872 458 4336
Darlleen,Roddie,Špišić-Bukovica,+385 158 117 0508
Dewitt,Allitt,Uruobo-Okija,+234 616 621 4172
Lazarus,Pherps,Pokhvistnevo,+7 836 773 2168
Freddie,Stainton,Nagykanizsa,+36 254 283 7918
Garwin,Hain,Santa María del Real,+504 433 304 9748
Yul,Vernon,Erdaojiang,+86 468 430 9704
Haskel,Sharphurst,Łąka Prudnicka,+48 361 555 8940
Brody,Dibdall,Helsingborg,+46 870 130 5490
Pierce,Giacobazzi,Mawu,+86 776 611 6124
Sherlocke,Becarra,Psary,+48 431 283 7384
Amelie,Pinney,Portsmouth,+1 595 527 6462
Edythe,Beeston,Kabasalan,+63 723 212 2624
Joana,Balcock,Cafarnaum,+55 667 117 1366
Annadiana,Milliken,Kiambu,+254 474 273 1589
Reube,Bussetti,Tiebukenwusan,+86 351 244 4811
Emmery,Staddart,Kiel,+49 741 422 6820
Alexi,Sonschein,Drahovo,+380 432 104 8868
Mellicent,Lodden,Yotala,+591 181 765 0201
Yuri,Boyet,Spartanburg,+1 864 123 7272
Jarret,Iacoviello,Vyzhnytsya,+380 211 960 5977
Daveta,Croydon,Serov,+7 121 717 7503
Dari,Stoade,Saint Louis,+1 314 732 4075
Kelli,McNay,Gambut,+62 949 553 9225
Doti,MacCheyne,La Esperanza,+52 631 366 8968
Gerty,Bennedsen,Ketara,+62 867 778 5807
Dara,Dore,Paojan,+62 503 972 7654
Brocky,Winn,Beloha,+261 468 137 6235
Loren,Radbourne,Houping,+86 598 756 3005
Ulick,Leithgoe,Khlung,+66 106 900 4015
Fionna,Ortega,Godziszów Pierwszy,+48 390 718 4578
Calv,Rosina,Burgkirchen,+43 105 326 4695
Shelagh,Straun,Stalbe,+371 578 136 5842
Isadora,Fielders,Shishan,+86 490 164 3213
Mart,Chaffe,Torre,+351 410 674 8817
Manfred,Dufour,Macatuba,+55 150 861 3018
King,Huntington,Tanggung,+62 895 642 9956
Kennie,O'Crevan,Tilcara,+54 352 150 1842
Ellsworth,Munden,Resende,+55 816 774 4773
Tades,Barnett,Trà Ôn,+84 476 703 8858
Rickie,Ongin,Khlong Toei,+66 263 354 5771
Doralyn,Peaple,Villa General Belgrano,+54 503 816 0095
Ansley,Rosenfelder,Arboga,+46 813 762 4712
Llewellyn,Mendes,Obita,+81 190 904 2374
Cathyleen,Sigsworth,Patsi,+269 172 313 4873
Tana,Strangeways,Stará Paka,+420 669 539 4794
Karrah,Bremen,Dehui,+86 966 233 0702
Pammy,Shearmur,Semënovskoye,+7 277 841 5647
Dorey,McKall,San José,+506 728 970 3875
Jeddy,Payley,Xiaoyangqi,+86 215 161 8158
Catarina,Samweyes,Agualva de Cima,+351 423 723 2564
Bidget,Mellenby,Impalutao,+63 379 559 1815
